signgu,stdr_yyqu,monthly_sales,flow_pop,work_pop,resident_pop
강남구,20221,8887740.8803,89013665,1008777,189146
강남구,20222,11156997.85,94097275,1008777,189146
강남구,20223,11319856.6889,93011993,1008777,189146
강남구,20224,10892734.7319,92022811,905975,186107
강남구,20231,10919273.0313,93554760,905975,186107
강남구,20232,11049813.6173,92441681,905975,186107
강남구,20233,11448481.0355,92782947,905975,186107
강남구,20234,10809880.7662,90862628,1093753,177133
강남구,20241,10487433.2146,91559331,1093753,177133
강남구,20242,11257029.8188,90542792,1093753,176979
강남구,20243,11112071.4084,91401231,1093753,176979
강남구,20244,10397327.5035,90370770,1147517,176979
강남구,20251,10066996.1878,90014779,1147517,176979
강남구,20252,10687862.1125,88571906,1147517,176979
강남구,20253,11893681.6818,91283352,1147517,176979
강남구,20254,10853700.94,87944067,1147517,176979
강남구,20261,10603495.0002,89807205,1147517,176979
강동구,20221,1114764.48,69715056,49687,208427
강동구,20222,1441970.7542,68481170,49687,208427
강동구,20223,1482214.903,66862052,49687,208427
강동구,20224,1339724.9854,67288604,50140,203788
강동구,20231,1322293.6878,68027677,50140,203788
강동구,20232,1505596.1774,66229102,50140,203788
강동구,20233,1639878.6514,66221189,50140,203788
강동구,20234,1506847.6401,66931978,49284,199728
강동구,20241,1463326.3219,68351721,49284,199728
강동구,20242,1634325.1155,66706131,49284,199728
강동구,20243,1698436.8666,67100189,49284,199728
강동구,20244,1614336.1481,67559838,52029,199728
강동구,20251,1530146.2795,68427265,52029,199728
강동구,20252,1778992.3009,66680226,52029,199728
강동구,20253,1917341.0527,66286346,52029,199728
강동구,20254,1666920.0434,65706277,52029,199728
강동구,20261,1647402.0859,66844060,52029,199728
강북구,20221,643288.2237,55334091,16749,145244
강북구,20222,881604.6811,55079389,16749,145244
강북구,20223,863056.3154,54729779,16749,145244
강북구,20224,795505.2556,54931810,15398,147973
강북구,20231,764881.1319,55819357,15398,147973
강북구,20232,889415.3713,55153700,15398,147973
강북구,20233,868417.6281,54915603,15398,147973
강북구,20234,810870.8763,54980265,17259,136022
강북구,20241,768372.3236,54947426,17259,136022
강북구,20242,840683.5826,53716432,17259,136022
강북구,20243,830648.0861,52244304,17259,136022
강북구,20244,742770.4519,52028498,14787,136022
강북구,20251,660830.7928,51772981,14787,136022
강북구,20252,756569.5783,51022039,14787,136022
강북구,20253,812611.6757,49967188,14787,136022
강북구,20254,831806.4613,49691026,14787,136022
강북구,20261,769747.8184,49897623,14787,136022
강서구,20221,1473829.6427,62385638,71471,232904
강서구,20222,1881561.9033,61249995,71471,232904
강서구,20223,1906758.0666,60999134,71471,232904
강서구,20224,1708221.5564,61628382,57254,231073
강서구,20231,1635012.7716,62549551,57254,231073
강서구,20232,1837677.664,60689620,57254,231073
강서구,20233,1941735.7846,60235303,57254,231073
강서구,20234,1724897.5491,60486285,62720,229688
강서구,20241,1688581.9186,61922198,62720,229688
강서구,20242,1925651.9305,59912024,62720,229688
강서구,20243,1900925.7712,60220870,62720,229688
강서구,20244,1749203.0161,60803584,71442,229688
강서구,20251,1613866.4596,62149558,71442,229688
강서구,20252,1805551.5654,61327700,71442,229688
강서구,20253,1943245.6236,61415684,71442,229688
강서구,20254,1716273.2899,61335472,71442,229688
강서구,20261,1680289.8652,62709103,71442,229688
관악구,20221,1387720.0721,76898423,36891,230253
관악구,20222,1790167.6004,77385017,36891,230253
관악구,20223,1840628.1997,75476688,36891,230253
관악구,20224,1729889.6399,75222040,37123,225534
관악구,20231,1626169.3304,75666358,37123,225536
관악구,20232,1722492.3396,75360632,37123,225534
관악구,20233,1676248.0118,74612630,37123,225534
관악구,20234,1550226.5505,74968449,31864,226569
관악구,20241,1596009.8621,75455742,31864,226569
관악구,20242,1711631.9102,73678600,31864,226569
관악구,20243,1671647.1877,72556011,31864,226569
관악구,20244,1517945.23,72869825,37645,226569
관악구,20251,1488028.2443,73119390,37645,226569
관악구,20252,1627242.4313,72414864,37645,226569
관악구,20253,1704899.9279,71983735,37645,226569
관악구,20254,1478758.178,71153667,37645,226569
관악구,20261,1430905.4414,72908321,37645,226569
광진구,20221,1725681.3442,61307229,51212,196231
광진구,20222,2196075.1695,61458809,51212,196231
광진구,20223,2222038.2507,59428120,51212,196231
광진구,20224,2177114.1767,59401470,51522,194471
광진구,20231,2090259.455,59755045,51522,194471
광진구,20232,2260759.5408,59254708,51522,194471
광진구,20233,2180459.3877,58131524,51522,194471
광진구,20234,2131502.6179,59775508,40300,187429
광진구,20241,2052157.7633,59972988,40300,187429
광진구,20242,2320984.684,58465730,40300,187429
광진구,20243,2169496.8476,57147708,40300,187429
광진구,20244,2232553.148,58068796,56058,187429
광진구,20251,1985804.886,56967053,56058,187429
광진구,20252,2209045.0261,56642894,56058,187429
광진구,20253,2226156.167,55318894,56058,187429
광진구,20254,2154156.4988,55433588,56058,187429
광진구,20261,2027579.3665,55486093,56058,187429
구로구,20221,1236510.8475,45884686,126667,146901
구로구,20222,1580457.4684,45390649,126667,146901
구로구,20223,1523386.0241,44760117,126667,146901
구로구,20224,1430006.265,45185792,121868,147762
구로구,20231,1364548.1898,45881148,121868,147762
구로구,20232,1449975.1287,45196820,121868,147762
구로구,20233,1484156.0677,45651967,121868,147762
구로구,20234,1324338.9864,45842371,128887,139902
구로구,20241,1302813.7702,46437095,128887,139902
구로구,20242,1462660.3149,44724082,128887,139902
구로구,20243,1495057.5234,44539692,128887,139902
구로구,20244,1408016.3412,45147144,122522,139902
구로구,20251,1289586.0314,45947826,122522,139902
구로구,20252,1452934.1643,45475841,122522,139902
구로구,20253,1508483.6474,45952486,122522,139902
구로구,20254,1337707.6284,45819987,122522,139902
구로구,20261,1259100.1308,45967830,122522,139902
금천구,20221,2193986.7187,26089237,120395,125853
금천구,20222,2461912.0573,25619239,120395,125853
금천구,20223,2430700.305,25340700,120395,125853
금천구,20224,2382257.0992,25100604,120299,121038
금천구,20231,2369598.4239,25446356,120299,121038
금천구,20232,2422168.7505,24700364,120299,121038
금천구,20233,1652651.9703,24184947,120299,121038
금천구,20234,1534721.8675,23959584,119697,126540
금천구,20241,1458959.9596,24415750,119697,126540
금천구,20242,1623630.5044,23348902,119697,126540
금천구,20243,1647957.3109,23624616,119697,126540
금천구,20244,1591259.1707,23362595,132448,126540
금천구,20251,1426717.5324,23518144,132448,126540
금천구,20252,1598906.813,23382872,132448,126540
금천구,20253,1766097.2681,23816042,132448,126540
금천구,20254,1579912.9982,23571580,132448,126540
금천구,20261,1519169.0907,23930910,132448,126540
노원구,20221,1601192.0231,36773641,30287,77399
노원구,20222,2050592.0179,36600605,30287,77399
노원구,20223,2077464.3073,35603569,30287,77399
노원구,20224,1894963.1039,35554266,26931,80734
노원구,20231,1684071.966,35694115,26931,80734
노원구,20232,1871779.1494,34892276,26931,80734
노원구,20233,1831137.6907,34711063,26931,80734
노원구,20234,1652419.1473,35491481,37853,73717
노원구,20241,1552813.0156,35591062,37853,73717
노원구,20242,1789558.5016,34606178,37853,73717
노원구,20243,1724497.9105,33804726,37853,73717
노원구,20244,1572577.3768,33883457,28109,73717
노원구,20251,1447271.2057,34171272,28109,73717
노원구,20252,1643728.5477,33381564,28109,73717
노원구,20253,1763320.7256,32830846,28109,73717
노원구,20254,1585624.8872,32730506,28109,73717
노원구,20261,1541580.2889,33356755,28109,73717
도봉구,20221,510374.3373,29923131,20322,111141
도봉구,20222,605126.8517,30034974,20322,111141
도봉구,20223,648723.7934,29111613,20322,111141
도봉구,20224,604572.908,28611946,19672,114208
도봉구,20231,553332.0882,28742979,19672,114208
도봉구,20232,657743.9236,27921246,19672,114208
도봉구,20233,671246.7646,27662406,19672,114208
도봉구,20234,612237.7387,27925583,19570,104391
도봉구,20241,586761.9152,28029678,19570,104391
도봉구,20242,698895.0236,26791970,19570,104391
도봉구,20243,699273.1243,26830767,19570,104391
도봉구,20244,629071.4688,26082055,20065,104391
도봉구,20251,566038.5023,26310877,20065,104391
도봉구,20252,663947.6168,25934915,20065,104391
도봉구,20253,686707.6718,25813965,20065,104391
도봉구,20254,633569.8341,25885893,20065,104391
도봉구,20261,605775.2183,26181418,20065,104391
동대문구,20221,1102074.2568,60979031,55335,137300
동대문구,20222,1547721.741,63041260,55335,137300
동대문구,20223,1511925.2278,60598083,55335,137300
동대문구,20224,1505991.6907,61872494,54277,123613
동대문구,20231,1363530.975,61124105,54277,123613
동대문구,20232,1657958.4637,62637436,54277,123613
동대문구,20233,1481822.9224,60086925,54277,123613
동대문구,20234,1494403.197,62619317,55629,136106
동대문구,20241,1334020.1658,60818256,55629,136106
동대문구,20242,1651163.8983,62502829,55629,136106
동대문구,20243,1457435.4068,59652195,55629,136106
동대문구,20244,1482883.4548,61748658,52811,136106
동대문구,20251,1198707.6699,59873483,52811,136106
동대문구,20252,1497388.331,60656280,52811,136106
동대문구,20253,1428941.4081,57756521,52811,136106
동대문구,20254,1339911.6265,59787472,52811,136106
동대문구,20261,1220293.9358,59385899,52811,136106
동작구,20221,1243354.2302,46260546,56026,152584
동작구,20222,1680673.2236,46863663,56026,152584
동작구,20223,1708729.1099,45362355,56026,152584
동작구,20224,1631902.5767,46409280,47696,150324
동작구,20231,1613967.5968,46654125,47696,150324
동작구,20232,1782671.2561,45387362,47696,150324
동작구,20233,1832491.9512,44445012,47696,150324
동작구,20234,1729113.2905,44576813,50017,144259
동작구,20241,1592570.867,45334234,50017,144259
동작구,20242,1853541.1342,44944872,50017,144259
동작구,20243,1733437.1755,44408750,50017,144259
동작구,20244,1717603.717,45103775,51329,144259
동작구,20251,1522608.6998,44938798,51329,144259
동작구,20252,1767694.9081,44652983,51329,144259
동작구,20253,1700680.3654,44072061,51329,144259
동작구,20254,1655446.0148,43597210,51329,144259
동작구,20261,1527475.9511,43344670,51329,144259
마포구,20221,5191750.5022,67090730,110073,164226
마포구,20222,6505633.6621,69805549,110073,164226
마포구,20223,6751363.016,68643707,110073,164226
마포구,20224,6431129.231,69633869,102785,164553
마포구,20231,6184324.4245,70050512,102785,164553
마포구,20232,6789259.7075,69037154,102785,164553
마포구,20233,6718955.0779,68311041,102785,164553
마포구,20234,6432123.935,69574490,107706,156354
마포구,20241,6304539.2779,69705995,107706,156354
마포구,20242,6997051.9178,69119904,107706,156354
마포구,20243,6771642.2498,67502236,107706,156354
마포구,20244,6322674.4953,68310081,118009,156354
마포구,20251,5760843.2702,67598135,118009,156354
마포구,20252,6340823.478,67033132,118009,156354
마포구,20253,6567858.3492,66878253,118009,156354
마포구,20254,5991066.7903,66878289,118009,156354
마포구,20261,5713530.288,66993868,118009,156354
서대문구,20221,1555710.1864,47023377,35056,102600
서대문구,20222,1999417.469,48896020,35056,102600
서대문구,20223,1882469.5383,47406152,35056,102600
서대문구,20224,1975853.5872,48157389,29848,102315
서대문구,20231,1749453.1102,47539728,29848,102315
서대문구,20232,2013854.5849,48117617,29848,102315
서대문구,20233,1900830.985,47377107,29848,102315
서대문구,20234,2009351.3259,49973895,46128,102537
서대문구,20241,1858183.8148,49540884,46128,102537
서대문구,20242,2251418.2715,49850721,46128,102537
서대문구,20243,2089417.5087,48661715,46128,102537
서대문구,20244,2216129.8663,50120362,33467,102537
서대문구,20251,1947304.6077,48998089,33467,102537
서대문구,20252,2249958.4592,49352217,33467,102537
서대문구,20253,2098872.2579,48121372,33467,102537
서대문구,20254,1974254.3657,46332895,33467,102537
서대문구,20261,1835401.6854,46357336,33467,102537
서초구,20221,4401259.8455,61070665,479737,158266
서초구,20222,5595808.5817,62903441,479737,158266
서초구,20223,5638522.6537,61289682,479737,158266
서초구,20224,5659505.0967,61175298,458722,152896
서초구,20231,5563443.9209,62070308,458722,152896
서초구,20232,5930781.8361,61276694,458722,152896
서초구,20233,5928821.1836,60510508,458722,152896
서초구,20234,5592107.8978,60468086,466033,148703
서초구,20241,5485124.6583,61060283,466033,148703
서초구,20242,5998994.7762,60937317,466033,148703
서초구,20243,5697141.0863,60670996,466033,148703
서초구,20244,5525686.9965,60676633,466247,148703
서초구,20251,5105123.3236,60343202,466247,148703
서초구,20252,5639954.5023,59601519,466247,148703
서초구,20253,5990587.8769,60735944,466247,148703
서초구,20254,5477906.3471,59114202,466247,148703
서초구,20261,5279743.3809,60530880,466247,148703
성동구,20221,1741323.1858,37618281,60470,93261
성동구,20222,2182658.4844,38433292,60470,93261
성동구,20223,2089690.7773,37470577,60470,93261
성동구,20224,2031737.8972,38018566,58700,98233
성동구,20231,1900169.1263,37953833,58700,98233
성동구,20232,2067289.4818,37482223,58700,98233
성동구,20233,2036450.8972,37032729,58700,98233
성동구,20234,2068769.2114,38235610,75678,85535
성동구,20241,1986313.7289,38326380,75678,85535
성동구,20242,2269183.8046,37934388,75678,85535
성동구,20243,2110169.9226,36848720,75678,85535
성동구,20244,2124959.7323,37636482,72055,85535
성동구,20251,1907025.3397,37122539,72055,85535
성동구,20252,2183463.883,36942080,72055,85535
성동구,20253,2148703.3822,36836582,72055,85535
성동구,20254,2076317.8492,37900086,72055,85535
성동구,20261,2013561.3084,37869681,72055,85535
성북구,20221,1671924.0172,59074779,63301,147484
성북구,20222,2153677.6409,61905702,63301,147484
성북구,20223,2243319.0001,59166956,63301,147484
성북구,20224,2330107.2761,60832638,61345,136534
성북구,20231,2154125.4747,59736694,61345,136534
성북구,20232,2494815.9367,60643170,61345,136534
성북구,20233,2366561.6898,58453731,61345,136534
성북구,20234,2286985.2706,60873913,54489,142386
성북구,20241,2113470.8387,59932320,54489,142386
성북구,20242,2455085.6854,61097945,54489,142386
성북구,20243,2255893.8907,58171290,54489,142386
성북구,20244,2179435.4615,60460459,67842,142386
성북구,20251,1928836.2043,59469930,67842,142386
성북구,20252,2310443.2797,61264996,67842,142386
성북구,20253,2262254.8422,59808824,67842,142386
성북구,20254,2292819.4712,60943426,67842,142386
성북구,20261,2049153.0633,60467020,67842,142386
송파구,20221,3432057.5087,70920930,433644,262490
송파구,20222,4529952.8233,71626116,433644,262490
송파구,20223,4524302.2394,70396973,433644,262490
송파구,20224,4294769.5574,71152586,425208,257363
송파구,20231,4237175.7416,71160597,425208,257363
송파구,20232,4650113.4358,69542871,425208,257363
송파구,20233,4644259.1567,69526649,425208,257363
송파구,20234,4529294.4098,70913365,422793,248183
송파구,20241,4337414.1621,72088234,422793,248183
송파구,20242,5109610.625,69866734,422793,248183
송파구,20243,5083328.7577,69906997,422793,248183
송파구,20244,4693456.1341,69866623,521558,248183
송파구,20251,4255352.7028,68989309,521558,248183
송파구,20252,4916865.0735,67999402,521558,248183
송파구,20253,4898791.3695,68152475,521558,248183
송파구,20254,4375154.6168,67611416,521558,248183
송파구,20261,4164168.7029,68867319,521558,248183
양천구,20221,1022573.611,38721930,79675,169847
양천구,20222,1291375.7005,38257050,79675,169847
양천구,20223,1291909.1817,37349980,79675,169847
양천구,20224,1178350.8607,37341720,74932,175201
양천구,20231,1123196.88,38031135,74932,175201
양천구,20232,1271005.7814,37439701,74932,175201
양천구,20233,1287030.5825,37149897,74932,175201
양천구,20234,1116259.958,37273289,74813,160547
양천구,20241,1067223.3974,38277721,74813,160547
양천구,20242,1212239.2092,37515600,74813,160547
양천구,20243,1294512.65,37761184,74813,160547
양천구,20244,1175615.7537,37343675,87613,160547
양천구,20251,1048667.9984,37548437,87613,160547
양천구,20252,1194313.9288,36374640,87613,160547
양천구,20253,1236658.9059,36261203,87613,160547
양천구,20254,1076802.0543,36014500,87613,160547
양천구,20261,1055963.8947,36316186,87613,160547
영등포구,20221,3415189.8024,59399533,329402,144093
영등포구,20222,4313001.8966,59777551,329402,144093
영등포구,20223,4340543.7328,59027661,329402,144093
영등포구,20224,4216032.3808,59266351,323844,138352
영등포구,20231,4146535.8998,60010304,323844,138352
영등포구,20232,4340030.2198,59436136,323844,138352
영등포구,20233,4345491.2099,59998414,323844,138352
영등포구,20234,4201426.4807,60937908,341990,142079
영등포구,20241,4067872.1307,60987876,341990,142079
영등포구,20242,4424788.9109,58915660,341990,142070
영등포구,20243,4457993.2244,58646482,341990,142070
영등포구,20244,4497510.7502,59292107,399640,142070
영등포구,20251,4180593.0371,59318498,399640,142070
영등포구,20252,4624331.5955,58737169,399640,142070
영등포구,20253,5015495.3722,58962966,399640,142070
영등포구,20254,4667358.4651,57743947,399640,142070
영등포구,20261,4583539.3006,58955237,399640,142070
용산구,20221,1780314.2694,43123660,184456,122555
용산구,20222,2383276.1727,44592617,184456,122555
용산구,20223,2288905.9725,43470225,184456,122555
용산구,20224,2205979.3722,43161068,180993,119488
용산구,20231,2115613.7961,43027881,180993,119488
용산구,20232,2452068.5285,43180289,180993,119488
용산구,20233,2342483.1785,42519101,180993,119488
용산구,20234,2364088.8415,43034800,162108,112347
용산구,20241,2235417.358,42385030,162108,112347
용산구,20242,2576391.3773,41298227,162108,112347
용산구,20243,2360082.1706,40483400,162108,112347
용산구,20244,2422179.2343,41310902,208724,112347
용산구,20251,2226074.9706,40493319,208724,112347
용산구,20252,2531806.3444,40360425,208724,112347
용산구,20253,2482362.8666,40121792,208724,112347
용산구,20254,2389444.9007,39996734,208724,112347
용산구,20261,2182695.1029,40088991,208724,112347
은평구,20221,664726.6415,56501695,30321,218612
은평구,20222,796877.9784,55090341,30321,218612
은평구,20223,842714.127,53028585,30321,218612
은평구,20224,751429.7871,53067023,28534,219654
은평구,20231,753193.0763,53570036,28534,219654
은평구,20232,895745.0272,52621734,28534,219654
은평구,20233,927209.3244,52610920,28534,219654
은평구,20234,788462.8666,52156130,32361,206975
은평구,20241,796489.5802,51713497,32361,206975
은평구,20242,915457.8979,50812125,32361,206975
은평구,20243,890419.0849,50262317,32361,206975
은평구,20244,776775.965,49326295,31049,206975
은평구,20251,733121.9777,49757153,31049,206975
은평구,20252,834428.1,48504235,31049,206975
은평구,20253,887633.5754,47872575,31049,206975
은평구,20254,808894.883,47354968,31049,206975
은평구,20261,787588.2753,47794708,31049,206975
종로구,20221,4831297.6433,56437848,284540,85915
종로구,20222,7056043.4679,62715298,284540,85915
종로구,20223,6729703.1661,60363406,284540,85915
종로구,20224,6717861.7094,62463532,271372,87297
종로구,20231,6254418.4147,61154580,271372,87297
종로구,20232,6760570.8318,61818676,271372,87297
종로구,20233,6648389.2678,59328633,271372,87297
종로구,20234,6576320.0059,61633645,267988,79824
종로구,20241,6012119.6964,59681391,267988,79824
종로구,20242,7229895.8027,61353843,267988,79824
종로구,20243,6697978.4036,58116595,267988,79824
종로구,20244,7044929.1102,60651896,274564,79824
종로구,20251,5764087.8163,58117128,274564,79824
종로구,20252,7268380.504,60436745,274564,79824
종로구,20253,6883995.2443,57726008,274564,79824
종로구,20254,7016590.7912,58681812,274564,79824
종로구,20261,6360867.1549,57060029,274564,79824
중구,20221,5017968.6909,54860471,654041,65963
중구,20222,6351117.9864,60731571,654041,65963
중구,20223,6445700.3118,58691587,654041,65963
중구,20224,6614058.2334,60991220,622109,65170
중구,20231,6584197.6571,59745080,622109,65172
중구,20232,6785154.0807,60590799,622109,65170
중구,20233,6729389.7976,58170523,622109,65170
중구,20234,7019210.7105,60864040,682061,64932
중구,20241,6752320.5828,58727366,682061,64932
중구,20242,7189022.7212,59602188,682061,64932
중구,20243,7096980.8866,56895721,682061,64932
중구,20244,6844054.9964,59764150,635401,64932
중구,20251,6411566.2195,56971801,635401,64932
중구,20252,6989337.4705,58057932,635401,64932
중구,20253,7258690.6041,57299233,635401,64932
중구,20254,6843536.037,57280808,635401,64932
중구,20261,6330070.2618,56012097,635401,64932
중랑구,20221,599208.0084,58849975,21341,191069
중랑구,20222,792316.4157,58014015,21341,191069
중랑구,20223,810869.6729,56735715,21341,191069
중랑구,20224,712350.5797,56766526,20847,188014
중랑구,20231,683884.5399,57280481,20847,188014
중랑구,20232,809466.3406,56001357,20847,188014
중랑구,20233,841653.0427,55753200,20847,188014
중랑구,20234,735091.6113,55995347,18587,180388
중랑구,20241,723069.2457,56291352,18587,180388
중랑구,20242,836919.0268,53656252,18587,180388
중랑구,20243,834215.263,52836312,18587,180388
중랑구,20244,748552.3479,52937103,21334,180388
중랑구,20251,687457.3022,53807312,21334,180388
중랑구,20252,787880.1104,52417006,21334,180388
중랑구,20253,858873.0378,52451851,21334,180388
중랑구,20254,784978.2113,52301383,21334,180388
중랑구,20261,739174.9839,53123350,21334,180388
